month,terminal,liquid_type,volume_bbls
JANUARY,BONNY,Crude Oil,6583946.13
FEBRUARY,BONNY,Crude Oil,4549659.91
MARCH,BONNY,Crude Oil,4230468.98
APRIL,BONNY,Crude Oil,4396460.96
MAY,BONNY,Crude Oil,3752071.21
JUNE,BONNY,Crude Oil,4435105.22
JULY,BONNY,Crude Oil,5233418.11
AUGUST,BONNY,Crude Oil,5310298.27
SEPTEMBER,BONNY,Crude Oil,5837169.34
OCTOBER,BONNY,Crude Oil,5546804.1
NOVEMBER,BONNY,Crude Oil,7053171.88
DECEMBER,BONNY,Crude Oil,7363201.75
JANUARY,BONNY,Condensate,587495.0
FEBRUARY,BONNY,Condensate,583490.0
MARCH,BONNY,Condensate,627057.0
APRIL,BONNY,Condensate,543214.0
MAY,BONNY,Condensate,640026.27
JUNE,BONNY,Condensate,568474.46
JULY,BONNY,Condensate,560106.0
AUGUST,BONNY,Condensate,584706.0
SEPTEMBER,BONNY,Condensate,511021.0
OCTOBER,BONNY,Condensate,494915.0
NOVEMBER,BONNY,Condensate,501329.0
DECEMBER,BONNY,Condensate,509569.57
JANUARY,BRASS,Crude Oil,725543.0
FEBRUARY,BRASS,Crude Oil,617374.0
MARCH,BRASS,Crude Oil,709898.5
APRIL,BRASS,Crude Oil,637322.0
MAY,BRASS,Crude Oil,635749.3
JUNE,BRASS,Crude Oil,647859.0
JULY,BRASS,Crude Oil,664569.0
AUGUST,BRASS,Crude Oil,720746.0
SEPTEMBER,BRASS,Crude Oil,884047.5
OCTOBER,BRASS,Crude Oil,850352.21
NOVEMBER,BRASS,Crude Oil,775490.49
DECEMBER,BRASS,Crude Oil,905544.78
JANUARY,BRASS,Condensate,160901.0
FEBRUARY,BRASS,Condensate,135498.0
MARCH,BRASS,Condensate,158529.0
APRIL,BRASS,Condensate,140724.0
MAY,BRASS,Condensate,153167.0
JUNE,BRASS,Condensate,144677.0
JULY,BRASS,Condensate,148961.0
AUGUST,BRASS,Condensate,161633.0
SEPTEMBER,BRASS,Condensate,201979.0
OCTOBER,BRASS,Condensate,201451.0
NOVEMBER,BRASS,Condensate,179148.0
DECEMBER,BRASS,Condensate,180417.0
JANUARY,QUA IBOE,Crude Oil,4251198.0
FEBRUARY,QUA IBOE,Crude Oil,3664686.0
MARCH,QUA IBOE,Crude Oil,4058695.0
APRIL,QUA IBOE,Crude Oil,4284484.0
MAY,QUA IBOE,Crude Oil,3962759.0
JUNE,QUA IBOE,Crude Oil,3261366.96
JULY,QUA IBOE,Crude Oil,3343465.0
AUGUST,QUA IBOE,Crude Oil,3073804.0
SEPTEMBER,QUA IBOE,Crude Oil,2833479.0
OCTOBER,QUA IBOE,Crude Oil,4114319.0
NOVEMBER,QUA IBOE,Crude Oil,4171753.0
DECEMBER,QUA IBOE,Crude Oil,4132505.62
JANUARY,QUA IBOE,Condensate,45075.0
FEBRUARY,QUA IBOE,Condensate,44684.0
MARCH,QUA IBOE,Condensate,37225.0
APRIL,QUA IBOE,Condensate,16091.0
MAY,QUA IBOE,Condensate,3896.0
JUNE,QUA IBOE,Condensate,18795.04
JULY,QUA IBOE,Condensate,18725.0
AUGUST,QUA IBOE,Condensate,19933.0
SEPTEMBER,QUA IBOE,Condensate,18906.0
OCTOBER,QUA IBOE,Condensate,23269.0
NOVEMBER,QUA IBOE,Condensate,20737.0
DECEMBER,QUA IBOE,Condensate,23315.38
JANUARY,FORCADOS,Crude Oil,7537634.08
FEBRUARY,FORCADOS,Crude Oil,6858004.29
MARCH,FORCADOS,Crude Oil,6700343.71
APRIL,FORCADOS,Crude Oil,6263239.54
MAY,FORCADOS,Crude Oil,6117847.97
JUNE,FORCADOS,Crude Oil,6156867.44
JULY,FORCADOS,Crude Oil,6876826.4
AUGUST,FORCADOS,Crude Oil,7915629.78
SEPTEMBER,FORCADOS,Crude Oil,6556231.26
OCTOBER,FORCADOS,Crude Oil,4571569.49
NOVEMBER,FORCADOS,Crude Oil,7426737.38
DECEMBER,FORCADOS,Crude Oil,7518494.28
JANUARY,FORCADOS,Condensate,1198789.12
FEBRUARY,FORCADOS,Condensate,982383.1
MARCH,FORCADOS,Condensate,1079115.44
APRIL,FORCADOS,Condensate,882459.46
MAY,FORCADOS,Condensate,1003124.67
JUNE,FORCADOS,Condensate,912116.65
JULY,FORCADOS,Condensate,949021.0
AUGUST,FORCADOS,Condensate,924317.23
SEPTEMBER,FORCADOS,Condensate,775015.64
OCTOBER,FORCADOS,Condensate,466005.53
NOVEMBER,FORCADOS,Condensate,1019247.38
DECEMBER,FORCADOS,Condensate,990131.12
JANUARY,ESCRAVOS (Oil Terminal),Crude Oil,4197367.27
FEBRUARY,ESCRAVOS (Oil Terminal),Crude Oil,3687305.73
MARCH,ESCRAVOS (Oil Terminal),Crude Oil,4024966.51
APRIL,ESCRAVOS (Oil Terminal),Crude Oil,3854555.89
MAY,ESCRAVOS (Oil Terminal),Crude Oil,4122813.67
JUNE,ESCRAVOS (Oil Terminal),Crude Oil,3996219.82
JULY,ESCRAVOS (Oil Terminal),Crude Oil,4381453.67
AUGUST,ESCRAVOS (Oil Terminal),Crude Oil,4187522.79
SEPTEMBER,ESCRAVOS (Oil Terminal),Crude Oil,4099140.34
OCTOBER,ESCRAVOS (Oil Terminal),Crude Oil,4278506.87
NOVEMBER,ESCRAVOS (Oil Terminal),Crude Oil,3982719.44
DECEMBER,ESCRAVOS (Oil Terminal),Crude Oil,3803860.05
JANUARY,ESCRAVOS (Oil Terminal),Condensate,58296.9
FEBRUARY,ESCRAVOS (Oil Terminal),Condensate,42207.1
MARCH,ESCRAVOS (Oil Terminal),Condensate,99555.9
APRIL,ESCRAVOS (Oil Terminal),Condensate,76907.0
MAY,ESCRAVOS (Oil Terminal),Condensate,90597.0
JUNE,ESCRAVOS (Oil Terminal),Condensate,85125.0
JULY,ESCRAVOS (Oil Terminal),Condensate,83960.18
AUGUST,ESCRAVOS (Oil Terminal),Condensate,63176.0
SEPTEMBER,ESCRAVOS (Oil Terminal),Condensate,44569.0
OCTOBER,ESCRAVOS (Oil Terminal),Condensate,62468.0
NOVEMBER,ESCRAVOS (Oil Terminal),Condensate,80067.0
DECEMBER,ESCRAVOS (Oil Terminal),Condensate,102261.0
JANUARY,ODUDU (AMENAM BLEND),Crude Oil,2934994.0
FEBRUARY,ODUDU (AMENAM BLEND),Crude Oil,2722999.0
MARCH,ODUDU (AMENAM BLEND),Crude Oil,2836178.0
APRIL,ODUDU (AMENAM BLEND),Crude Oil,2659792.0
MAY,ODUDU (AMENAM BLEND),Crude Oil,2631586.0
JUNE,ODUDU (AMENAM BLEND),Crude Oil,2572785.0
JULY,ODUDU (AMENAM BLEND),Crude Oil,2469985.0
AUGUST,ODUDU (AMENAM BLEND),Crude Oil,2583858.0
SEPTEMBER,ODUDU (AMENAM BLEND),Crude Oil,2462691.0
OCTOBER,ODUDU (AMENAM BLEND),Crude Oil,2526821.0
NOVEMBER,ODUDU (AMENAM BLEND),Crude Oil,2423720.0
DECEMBER,ODUDU (AMENAM BLEND),Crude Oil,2446481.0
JANUARY,ODUDU (AMENAM BLEND),Condensate,6413.0
FEBRUARY,ODUDU (AMENAM BLEND),Condensate,6403.0
MARCH,ODUDU (AMENAM BLEND),Condensate,9051.0
APRIL,ODUDU (AMENAM BLEND),Condensate,6427.0
MAY,ODUDU (AMENAM BLEND),Condensate,6970.0
JUNE,ODUDU (AMENAM BLEND),Condensate,6970.0
JULY,ODUDU (AMENAM BLEND),Condensate,5246.0
AUGUST,ODUDU (AMENAM BLEND),Condensate,5246.0
SEPTEMBER,ODUDU (AMENAM BLEND),Condensate,5821.0
OCTOBER,ODUDU (AMENAM BLEND),Condensate,5534.0
NOVEMBER,ODUDU (AMENAM BLEND),Condensate,5462.0
DECEMBER,ODUDU (AMENAM BLEND),Condensate,5498.0
JANUARY,TULJA - OKWUIBOME,Crude Oil,1762863.0
FEBRUARY,TULJA - OKWUIBOME,Crude Oil,1732677.0
MARCH,TULJA - OKWUIBOME,Crude Oil,1859018.0
APRIL,TULJA - OKWUIBOME,Crude Oil,1837364.0
MAY,TULJA - OKWUIBOME,Crude Oil,1972551.0
JUNE,TULJA - OKWUIBOME,Crude Oil,1928150.0
JULY,TULJA - OKWUIBOME,Crude Oil,1992021.0
AUGUST,TULJA - OKWUIBOME,Crude Oil,2008089.0
SEPTEMBER,TULJA - OKWUIBOME,Crude Oil,2029788.0
OCTOBER,TULJA - OKWUIBOME,Crude Oil,2304846.0
NOVEMBER,TULJA - OKWUIBOME,Crude Oil,2315239.0
DECEMBER,TULJA - OKWUIBOME,Crude Oil,2361799.0
JANUARY,TULJA - OKWUIBOME,Condensate,0.0
FEBRUARY,TULJA - OKWUIBOME,Condensate,0.0
MARCH,TULJA - OKWUIBOME,Condensate,0.0
APRIL,TULJA - OKWUIBOME,Condensate,0.0
MAY,TULJA - OKWUIBOME,Condensate,0.0
JUNE,TULJA - OKWUIBOME,Condensate,0.0
JULY,TULJA - OKWUIBOME,Condensate,0.0
AUGUST,TULJA - OKWUIBOME,Condensate,0.0
SEPTEMBER,TULJA - OKWUIBOME,Condensate,0.0
OCTOBER,TULJA - OKWUIBOME,Condensate,0.0
NOVEMBER,TULJA - OKWUIBOME,Condensate,0.0
DECEMBER,TULJA - OKWUIBOME,Condensate,0.0
JANUARY,AJE,Crude Oil,0.0
FEBRUARY,AJE,Crude Oil,0.0
MARCH,AJE,Crude Oil,0.0
APRIL,AJE,Crude Oil,0.0
MAY,AJE,Crude Oil,0.0
JUNE,AJE,Crude Oil,0.0
JULY,AJE,Crude Oil,0.0
AUGUST,AJE,Crude Oil,0.0
SEPTEMBER,AJE,Crude Oil,0.0
OCTOBER,AJE,Crude Oil,0.0
NOVEMBER,AJE,Crude Oil,0.0
DECEMBER,AJE,Crude Oil,0.0
JANUARY,AJE,Condensate,0.0
FEBRUARY,AJE,Condensate,0.0
MARCH,AJE,Condensate,0.0
APRIL,AJE,Condensate,0.0
MAY,AJE,Condensate,0.0
JUNE,AJE,Condensate,0.0
JULY,AJE,Condensate,0.0
AUGUST,AJE,Condensate,0.0
SEPTEMBER,AJE,Condensate,0.0
OCTOBER,AJE,Condensate,0.0
NOVEMBER,AJE,Condensate,0.0
DECEMBER,AJE,Condensate,0.0
JANUARY,OKORO (Ex Ima Terminal),Crude Oil,203761.0
FEBRUARY,OKORO (Ex Ima Terminal),Crude Oil,190965.0
MARCH,OKORO (Ex Ima Terminal),Crude Oil,201924.0
APRIL,OKORO (Ex Ima Terminal),Crude Oil,182645.0
MAY,OKORO (Ex Ima Terminal),Crude Oil,188990.0
JUNE,OKORO (Ex Ima Terminal),Crude Oil,167626.0
JULY,OKORO (Ex Ima Terminal),Crude Oil,181758.0
AUGUST,OKORO (Ex Ima Terminal),Crude Oil,173385.0
SEPTEMBER,OKORO (Ex Ima Terminal),Crude Oil,167614.0
OCTOBER,OKORO (Ex Ima Terminal),Crude Oil,177386.0
NOVEMBER,OKORO (Ex Ima Terminal),Crude Oil,172483.0
DECEMBER,OKORO (Ex Ima Terminal),Crude Oil,173580.0
JANUARY,ASARAMATORU (Ex Ima Terminal),Crude Oil,0.0
FEBRUARY,ASARAMATORU (Ex Ima Terminal),Crude Oil,0.0
MARCH,ASARAMATORU (Ex Ima Terminal),Crude Oil,0.0
APRIL,ASARAMATORU (Ex Ima Terminal),Crude Oil,0.0
MAY,ASARAMATORU (Ex Ima Terminal),Crude Oil,0.0
JUNE,ASARAMATORU (Ex Ima Terminal),Crude Oil,0.0
JULY,ASARAMATORU (Ex Ima Terminal),Crude Oil,0.0
AUGUST,ASARAMATORU (Ex Ima Terminal),Crude Oil,0.0
SEPTEMBER,ASARAMATORU (Ex Ima Terminal),Crude Oil,0.0
OCTOBER,ASARAMATORU (Ex Ima Terminal),Crude Oil,0.0
NOVEMBER,ASARAMATORU (Ex Ima Terminal),Crude Oil,0.0
DECEMBER,ASARAMATORU (Ex Ima Terminal),Crude Oil,0.0
JANUARY,OTAKPIPO (Ex Ima Terminal),Crude Oil,278843.0
FEBRUARY,OTAKPIPO (Ex Ima Terminal),Crude Oil,217705.0
MARCH,OTAKPIPO (Ex Ima Terminal),Crude Oil,242882.0
APRIL,OTAKPIPO (Ex Ima Terminal),Crude Oil,270168.0
MAY,OTAKPIPO (Ex Ima Terminal),Crude Oil,306424.0
JUNE,OTAKPIPO (Ex Ima Terminal),Crude Oil,270141.0
JULY,OTAKPIPO (Ex Ima Terminal),Crude Oil,266605.0
AUGUST,OTAKPIPO (Ex Ima Terminal),Crude Oil,197152.0
SEPTEMBER,OTAKPIPO (Ex Ima Terminal),Crude Oil,195878.0
OCTOBER,OTAKPIPO (Ex Ima Terminal),Crude Oil,169735.0
NOVEMBER,OTAKPIPO (Ex Ima Terminal),Crude Oil,127545.0
DECEMBER,OTAKPIPO (Ex Ima Terminal),Crude Oil,186192.0
JANUARY,ANTAN,Crude Oil,348555.0
FEBRUARY,ANTAN,Crude Oil,339797.0
MARCH,ANTAN,Crude Oil,351219.0
APRIL,ANTAN,Crude Oil,316850.0
MAY,ANTAN,Crude Oil,347468.0
JUNE,ANTAN,Crude Oil,338999.0
JULY,ANTAN,Crude Oil,326256.0
AUGUST,ANTAN,Crude Oil,301796.0
SEPTEMBER,ANTAN,Crude Oil,282378.0
OCTOBER,ANTAN,Crude Oil,322482.0
NOVEMBER,ANTAN,Crude Oil,262803.0
DECEMBER,ANTAN,Crude Oil,317201.0
JANUARY,OKONO,Crude Oil,236705.0
FEBRUARY,OKONO,Crude Oil,0.0
MARCH,OKONO,Crude Oil,6445.0
APRIL,OKONO,Crude Oil,0.0
MAY,OKONO,Crude Oil,0.0
JUNE,OKONO,Crude Oil,195218.0
JULY,OKONO,Crude Oil,320167.0
AUGUST,OKONO,Crude Oil,278126.0
SEPTEMBER,OKONO,Crude Oil,192153.0
OCTOBER,OKONO,Crude Oil,347996.0
NOVEMBER,OKONO,Crude Oil,337559.0
DECEMBER,OKONO,Crude Oil,363195.0
JANUARY,YOHO,Crude Oil,763905.0
FEBRUARY,YOHO,Crude Oil,605028.0
MARCH,YOHO,Crude Oil,613540.0
APRIL,YOHO,Crude Oil,797326.0
MAY,YOHO,Crude Oil,875500.0
JUNE,YOHO,Crude Oil,718128.0
JULY,YOHO,Crude Oil,838774.0
AUGUST,YOHO,Crude Oil,774906.0
SEPTEMBER,YOHO,Crude Oil,612841.0
OCTOBER,YOHO,Crude Oil,895104.0
NOVEMBER,YOHO,Crude Oil,835791.0
DECEMBER,YOHO,Crude Oil,816215.0
JANUARY,OKWORI,Crude Oil,126381.0
FEBRUARY,OKWORI,Crude Oil,97407.0
MARCH,OKWORI,Crude Oil,113685.0
APRIL,OKWORI,Crude Oil,122713.0
MAY,OKWORI,Crude Oil,97727.0
JUNE,OKWORI,Crude Oil,92929.0
JULY,OKWORI,Crude Oil,60254.0
AUGUST,OKWORI,Crude Oil,81861.0
SEPTEMBER,OKWORI,Crude Oil,114101.0
OCTOBER,OKWORI,Crude Oil,122353.0
NOVEMBER,OKWORI,Crude Oil,120309.0
DECEMBER,OKWORI,Crude Oil,160111.0
JANUARY,EBOK,Crude Oil,360854.0
FEBRUARY,EBOK,Crude Oil,313325.0
MARCH,EBOK,Crude Oil,373269.0
APRIL,EBOK,Crude Oil,256863.0
MAY,EBOK,Crude Oil,346614.0
JUNE,EBOK,Crude Oil,306143.0
JULY,EBOK,Crude Oil,362670.0
AUGUST,EBOK,Crude Oil,310976.0
SEPTEMBER,EBOK,Crude Oil,288735.0
OCTOBER,EBOK,Crude Oil,328394.0
NOVEMBER,EBOK,Crude Oil,287304.0
DECEMBER,EBOK,Crude Oil,323281.0
JANUARY,AJAPA,Crude Oil,26881.3
FEBRUARY,AJAPA,Crude Oil,30343.0
MARCH,AJAPA,Crude Oil,27604.1
APRIL,AJAPA,Crude Oil,24354.6
MAY,AJAPA,Crude Oil,22892.6
JUNE,AJAPA,Crude Oil,16279.5
JULY,AJAPA,Crude Oil,38128.1
AUGUST,AJAPA,Crude Oil,64920.7
SEPTEMBER,AJAPA,Crude Oil,45252.0
OCTOBER,AJAPA,Crude Oil,49958.0
NOVEMBER,AJAPA,Crude Oil,58846.0
DECEMBER,AJAPA,Crude Oil,52704.0
JANUARY,ANAMBRA BASIN,Crude Oil,0.0
FEBRUARY,ANAMBRA BASIN,Crude Oil,0.0
MARCH,ANAMBRA BASIN,Crude Oil,0.0
APRIL,ANAMBRA BASIN,Crude Oil,0.0
MAY,ANAMBRA BASIN,Crude Oil,0.0
JUNE,ANAMBRA BASIN,Crude Oil,0.0
JULY,ANAMBRA BASIN,Crude Oil,0.0
AUGUST,ANAMBRA BASIN,Crude Oil,0.0
SEPTEMBER,ANAMBRA BASIN,Crude Oil,0.0
OCTOBER,ANAMBRA BASIN,Crude Oil,0.0
NOVEMBER,ANAMBRA BASIN,Crude Oil,0.0
DECEMBER,ANAMBRA BASIN,Crude Oil,0.0
JANUARY,BONGA,Crude Oil,3748506.0
FEBRUARY,BONGA,Crude Oil,3599339.0
MARCH,BONGA,Crude Oil,2956265.0
APRIL,BONGA,Crude Oil,3555910.0
MAY,BONGA,Crude Oil,3790062.0
JUNE,BONGA,Crude Oil,3395007.0
JULY,BONGA,Crude Oil,3892206.0
AUGUST,BONGA,Crude Oil,3917328.0
SEPTEMBER,BONGA,Crude Oil,3665508.0
OCTOBER,BONGA,Crude Oil,3848886.0
NOVEMBER,BONGA,Crude Oil,4063082.0
DECEMBER,BONGA,Crude Oil,4538017.0
JANUARY,ERHA,Crude Oil,2377755.0
FEBRUARY,ERHA,Crude Oil,2074748.0
MARCH,ERHA,Crude Oil,1964255.0
APRIL,ERHA,Crude Oil,2007966.0
MAY,ERHA,Crude Oil,2195944.0
JUNE,ERHA,Crude Oil,2106139.0
JULY,ERHA,Crude Oil,1825644.0
AUGUST,ERHA,Crude Oil,2007406.0
SEPTEMBER,ERHA,Crude Oil,1868247.0
OCTOBER,ERHA,Crude Oil,2284480.0
NOVEMBER,ERHA,Crude Oil,1900169.0
DECEMBER,ERHA,Crude Oil,1686459.0
JANUARY,USAN,Crude Oil,1194927.0
FEBRUARY,USAN,Crude Oil,953323.0
MARCH,USAN,Crude Oil,801207.0
APRIL,USAN,Crude Oil,710433.0
MAY,USAN,Crude Oil,730909.0
JUNE,USAN,Crude Oil,655874.0
JULY,USAN,Crude Oil,700446.0
AUGUST,USAN,Crude Oil,688354.0
SEPTEMBER,USAN,Crude Oil,618230.0
OCTOBER,USAN,Crude Oil,662568.0
NOVEMBER,USAN,Crude Oil,608208.0
DECEMBER,USAN,Crude Oil,1151063.0
JANUARY,EGINA,Crude Oil,2881704.0
FEBRUARY,EGINA,Crude Oil,2610000.0
MARCH,EGINA,Crude Oil,2727454.0
APRIL,EGINA,Crude Oil,2621045.0
MAY,EGINA,Crude Oil,2500871.0
JUNE,EGINA,Crude Oil,2450116.0
JULY,EGINA,Crude Oil,2421372.0
AUGUST,EGINA,Crude Oil,2313456.0
SEPTEMBER,EGINA,Crude Oil,2267660.0
OCTOBER,EGINA,Crude Oil,2264742.0
NOVEMBER,EGINA,Crude Oil,2182648.0
DECEMBER,EGINA,Crude Oil,2202202.0
JANUARY,OYO,Crude Oil,40059.0
FEBRUARY,OYO,Crude Oil,36530.0
MARCH,OYO,Crude Oil,40236.0
APRIL,OYO,Crude Oil,36771.0
MAY,OYO,Crude Oil,43319.0
JUNE,OYO,Crude Oil,35748.0
JULY,OYO,Crude Oil,36316.0
AUGUST,OYO,Crude Oil,38331.0
SEPTEMBER,OYO,Crude Oil,37545.0
OCTOBER,OYO,Crude Oil,81646.0
NOVEMBER,OYO,Crude Oil,161059.0
DECEMBER,OYO,Crude Oil,330176.0
JANUARY,ABO,Crude Oil,343221.0
FEBRUARY,ABO,Crude Oil,308835.0
MARCH,ABO,Crude Oil,323697.0
APRIL,ABO,Crude Oil,310860.0
MAY,ABO,Crude Oil,311959.0
JUNE,ABO,Crude Oil,317353.0
JULY,ABO,Crude Oil,343329.0
AUGUST,ABO,Crude Oil,367287.0
SEPTEMBER,ABO,Crude Oil,360610.0
OCTOBER,ABO,Crude Oil,364682.0
NOVEMBER,ABO,Crude Oil,346187.0
DECEMBER,ABO,Crude Oil,372378.0
JANUARY,PENNINGTON,Crude Oil,377158.0
FEBRUARY,PENNINGTON,Crude Oil,360774.0
MARCH,PENNINGTON,Crude Oil,321875.0
APRIL,PENNINGTON,Crude Oil,530794.0
MAY,PENNINGTON,Crude Oil,353442.0
JUNE,PENNINGTON,Crude Oil,507062.0
JULY,PENNINGTON,Crude Oil,159850.0
AUGUST,PENNINGTON,Crude Oil,206828.0
SEPTEMBER,PENNINGTON,Crude Oil,233383.0
OCTOBER,PENNINGTON,Crude Oil,415343.0
NOVEMBER,PENNINGTON,Crude Oil,390161.0
DECEMBER,PENNINGTON,Crude Oil,183330.0
JANUARY,UKPOKITI,Crude Oil,0.0
FEBRUARY,UKPOKITI,Crude Oil,0.0
MARCH,UKPOKITI,Crude Oil,0.0
APRIL,UKPOKITI,Crude Oil,0.0
MAY,UKPOKITI,Crude Oil,0.0
JUNE,UKPOKITI,Crude Oil,0.0
JULY,UKPOKITI,Crude Oil,0.0
AUGUST,UKPOKITI,Crude Oil,0.0
SEPTEMBER,UKPOKITI,Crude Oil,0.0
OCTOBER,UKPOKITI,Crude Oil,0.0
NOVEMBER,UKPOKITI,Crude Oil,0.0
DECEMBER,UKPOKITI,Crude Oil,0.0
JANUARY,UGO OCHA (JONES CREEK),Crude Oil,467367.0
FEBRUARY,UGO OCHA (JONES CREEK),Crude Oil,533442.0
MARCH,UGO OCHA (JONES CREEK),Crude Oil,564986.0
APRIL,UGO OCHA (JONES CREEK),Crude Oil,464594.0
MAY,UGO OCHA (JONES CREEK),Crude Oil,621051.0
JUNE,UGO OCHA (JONES CREEK),Crude Oil,326791.0
JULY,UGO OCHA (JONES CREEK),Crude Oil,663563.0
AUGUST,UGO OCHA (JONES CREEK),Crude Oil,556608.0
SEPTEMBER,UGO OCHA (JONES CREEK),Crude Oil,257885.0
OCTOBER,UGO OCHA (JONES CREEK),Crude Oil,78216.0
NOVEMBER,UGO OCHA (JONES CREEK),Crude Oil,235179.0
DECEMBER,UGO OCHA (JONES CREEK),Crude Oil,548101.0
JANUARY,SEA EAGLE (EA),Crude Oil,395216.0
FEBRUARY,SEA EAGLE (EA),Crude Oil,4265.0
MARCH,SEA EAGLE (EA),Crude Oil,0.0
APRIL,SEA EAGLE (EA),Crude Oil,374352.0
MAY,SEA EAGLE (EA),Crude Oil,626868.0
JUNE,SEA EAGLE (EA),Crude Oil,632123.0
JULY,SEA EAGLE (EA),Crude Oil,510925.0
AUGUST,SEA EAGLE (EA),Crude Oil,621548.0
SEPTEMBER,SEA EAGLE (EA),Crude Oil,560093.0
OCTOBER,SEA EAGLE (EA),Crude Oil,613350.0
NOVEMBER,SEA EAGLE (EA),Crude Oil,559369.0
DECEMBER,SEA EAGLE (EA),Crude Oil,529276.0
JANUARY,ANYALA MADU (CJ Blend),Crude Oil,1146593.0
FEBRUARY,ANYALA MADU (CJ Blend),Crude Oil,1127530.0
MARCH,ANYALA MADU (CJ Blend),Crude Oil,1099253.0
APRIL,ANYALA MADU (CJ Blend),Crude Oil,1171240.0
MAY,ANYALA MADU (CJ Blend),Crude Oil,1535090.0
JUNE,ANYALA MADU (CJ Blend),Crude Oil,1185654.0
JULY,ANYALA MADU (CJ Blend),Crude Oil,1661520.0
AUGUST,ANYALA MADU (CJ Blend),Crude Oil,1619353.0
SEPTEMBER,ANYALA MADU (CJ Blend),Crude Oil,1683389.0
OCTOBER,ANYALA MADU (CJ Blend),Crude Oil,1678744.0
NOVEMBER,ANYALA MADU (CJ Blend),Crude Oil,1577589.0
DECEMBER,ANYALA MADU (CJ Blend),Crude Oil,1631554.0
JANUARY,NEMBE,Crude Oil,888760.0
FEBRUARY,NEMBE,Crude Oil,1085429.0
MARCH,NEMBE,Crude Oil,1061497.0
APRIL,NEMBE,Crude Oil,971471.0
MAY,NEMBE,Crude Oil,705177.0
JUNE,NEMBE,Crude Oil,836337.0
JULY,NEMBE,Crude Oil,928117.0
AUGUST,NEMBE,Crude Oil,842075.0
SEPTEMBER,NEMBE,Crude Oil,950502.0
OCTOBER,NEMBE,Crude Oil,1166013.0
NOVEMBER,NEMBE,Crude Oil,877561.0
DECEMBER,NEMBE,Crude Oil,958016.0
JANUARY,UTAPATE,Crude Oil,20403.0
FEBRUARY,UTAPATE,Crude Oil,20328.0
MARCH,UTAPATE,Crude Oil,21835.0
APRIL,UTAPATE,Crude Oil,17093.0
MAY,UTAPATE,Crude Oil,309434.0
JUNE,UTAPATE,Crude Oil,567302.0
JULY,UTAPATE,Crude Oil,754222.0
AUGUST,UTAPATE,Crude Oil,996070.0
SEPTEMBER,UTAPATE,Crude Oil,1153954.0
OCTOBER,UTAPATE,Crude Oil,1226067.0
NOVEMBER,UTAPATE,Crude Oil,1155235.0
DECEMBER,UTAPATE,Crude Oil,1220162.0
JANUARY,AGBAMI,Condensate,2939947.0
FEBRUARY,AGBAMI,Condensate,2842766.0
MARCH,AGBAMI,Condensate,3006372.0
APRIL,AGBAMI,Condensate,2798586.0
MAY,AGBAMI,Condensate,2644292.0
JUNE,AGBAMI,Condensate,2768326.0
JULY,AGBAMI,Condensate,2874292.0
AUGUST,AGBAMI,Condensate,2689634.0
SEPTEMBER,AGBAMI,Condensate,2757372.0
OCTOBER,AGBAMI,Condensate,2705924.0
NOVEMBER,AGBAMI,Condensate,2640895.0
DECEMBER,AGBAMI,Condensate,2116536.0
JANUARY,AKPO,Condensate,1664866.0
FEBRUARY,AKPO,Condensate,1530025.0
MARCH,AKPO,Condensate,1097985.0
APRIL,AKPO,Condensate,171015.0
MAY,AKPO,Condensate,1846476.0
JUNE,AKPO,Condensate,1883331.0
JULY,AKPO,Condensate,2072037.0
AUGUST,AKPO,Condensate,2101571.0
SEPTEMBER,AKPO,Condensate,1854178.0
OCTOBER,AKPO,Condensate,1977989.0
NOVEMBER,AKPO,Condensate,1820724.0
DECEMBER,AKPO,Condensate,1745986.0
JANUARY,IMA,Condensate,0.0
FEBRUARY,IMA,Condensate,0.0
MARCH,IMA,Condensate,0.0
APRIL,IMA,Condensate,0.0
MAY,IMA,Condensate,0.0
JUNE,IMA,Condensate,0.0
JULY,IMA,Condensate,0.0
AUGUST,IMA,Condensate,0.0
SEPTEMBER,IMA,Condensate,0.0
OCTOBER,IMA,Condensate,0.0
NOVEMBER,IMA,Condensate,0.0
DECEMBER,IMA,Condensate,0.0
JANUARY,AJAPA,Condensate,37662.0
FEBRUARY,AJAPA,Condensate,62243.0
MARCH,AJAPA,Condensate,40027.0
APRIL,AJAPA,Condensate,36854.0
MAY,AJAPA,Condensate,39753.0
JUNE,AJAPA,Condensate,24017.0
JULY,AJAPA,Condensate,18783.0
AUGUST,AJAPA,Condensate,0.0
SEPTEMBER,AJAPA,Condensate,0.0
OCTOBER,AJAPA,Condensate,0.0
NOVEMBER,AJAPA,Condensate,0.0
DECEMBER,AJAPA,Condensate,0.0
JANUARY,TULJA - OKWUIBOME,Condensate,284045.0
FEBRUARY,TULJA - OKWUIBOME,Condensate,264581.0
MARCH,TULJA - OKWUIBOME,Condensate,304064.0
APRIL,TULJA - OKWUIBOME,Condensate,299673.0
MAY,TULJA - OKWUIBOME,Condensate,308497.0
JUNE,TULJA - OKWUIBOME,Condensate,280251.0
JULY,TULJA - OKWUIBOME,Condensate,301720.0
AUGUST,TULJA - OKWUIBOME,Condensate,283275.0
SEPTEMBER,TULJA - OKWUIBOME,Condensate,255131.0
OCTOBER,TULJA - OKWUIBOME,Condensate,296237.0
NOVEMBER,TULJA - OKWUIBOME,Condensate,288743.0
DECEMBER,TULJA - OKWUIBOME,Condensate,282139.0
